<?xml version="1.0" encoding="UTF-8"?>
<project-private xmlns="http://www.netbeans.org/ns/project-private/1">
    <editor-bookmarks xmlns="http://www.netbeans.org/ns/editor-bookmarks/2" lastBookmarkId="0"/>
    <open-files xmlns="http://www.netbeans.org/ns/projectui-open-files/2">
        <group>
            <file>file:/C:/Users/Administrator/Documents/NetBeansProjects/CrudServlet/web/index.html</file>
            <file>file:/C:/Users/Administrator/Documents/NetBeansProjects/CrudServlet/src/java/employee/DeleteServlet.java</file>
            <file>file:/C:/Users/Administrator/Documents/NetBeansProjects/CrudServlet/web/WEB-INF/web.xml</file>
            <file>file:/C:/Users/Administrator/Documents/NetBeansProjects/CrudServlet/src/java/employee/ViewServlet.java</file>
            <file>file:/C:/Users/Administrator/Documents/NetBeansProjects/CrudServlet/src/java/employee/EmployeeDao.java</file>
            <file>file:/C:/Users/Administrator/Documents/NetBeansProjects/CrudServlet/src/java/employee/EditServlet2.java</file>
            <file>file:/C:/Users/Administrator/Documents/NetBeansProjects/CrudServlet/src/java/employee/emp.java</file>
            <file>file:/C:/Users/Administrator/Documents/NetBeansProjects/CrudServlet/src/java/employee/SaveServlet.java</file>
            <file>file:/C:/Users/Administrator/Documents/NetBeansProjects/CrudServlet/src/java/employee/EditServlet.java</file>
        </group>
    </open-files>
</project-private>
