<?xml version="1.0" encoding="UTF-8"?>
<project-private xmlns="http://www.netbeans.org/ns/project-private/1">
    <editor-bookmarks xmlns="http://www.netbeans.org/ns/editor-bookmarks/2" lastBookmarkId="0"/>
    <open-files xmlns="http://www.netbeans.org/ns/projectui-open-files/2">
        <group>
            <file>file:/C:/Users/Administrator/Documents/NetBeansProjects/FirstMVC/src/java/Controller/insertController.java</file>
            <file>file:/C:/Users/Administrator/Documents/NetBeansProjects/FirstMVC/web/index.jsp</file>
            <file>file:/C:/Users/Administrator/Documents/NetBeansProjects/FirstMVC/src/java/Model/Users.java</file>
            <file>file:/C:/Users/Administrator/Documents/NetBeansProjects/FirstMVC/src/java/Model/user1.java</file>
            <file>file:/C:/Users/Administrator/Documents/NetBeansProjects/FirstMVC/web/view.jsp</file>
            <file>file:/C:/Users/Administrator/Documents/NetBeansProjects/FirstMVC/src/java/DAO/UserDAO.java</file>
            <file>file:/C:/Users/Administrator/Documents/NetBeansProjects/FirstMVC/src/java/Model/user3.java</file>
        </group>
    </open-files>
</project-private>
