<?xml version="1.0" encoding="UTF-8"?>
<project-private xmlns="http://www.netbeans.org/ns/project-private/1">
    <editor-bookmarks xmlns="http://www.netbeans.org/ns/editor-bookmarks/2" lastBookmarkId="0"/>
    <open-files xmlns="http://www.netbeans.org/ns/projectui-open-files/2">
        <group>
            <file>file:/C:/Users/Administrator/Documents/NetBeansProjects/MVCArcitecture/web/index.html</file>
            <file>file:/C:/Users/Administrator/Documents/NetBeansProjects/MVCArcitecture/src/java/Model/Student.java</file>
            <file>file:/C:/Users/Administrator/Documents/NetBeansProjects/MVCArcitecture/web/studentDetails.jsp</file>
            <file>file:/C:/Users/Administrator/Documents/NetBeansProjects/MVCArcitecture/src/java/Controller/StudentController.java</file>
            <file>file:/C:/Users/Administrator/Documents/NetBeansProjects/MVCArcitecture/web/studentForm.jsp</file>
        </group>
    </open-files>
</project-private>
