review,education,purchased
Average,School,No
Poor,UG,No
Good,PG,No
Good,PG,No
Average,UG,No
Average,School,Yes
Good,School,No
Poor,School,Yes
Average,UG,No
Good,UG,Yes
Good,UG,Yes
Good,UG,Yes
Poor,School,No
Average,School,No
Poor,PG,Yes
Poor,UG,No
Poor,UG,Yes
Poor,UG,Yes
Good,School,No
Poor,PG,Yes
Average,School,Yes
Average,PG,No
Poor,PG,Yes
Good,School,No
Average,PG,Yes
Good,School,No
Poor,PG,No
Poor,PG,No
Poor,School,No
Average,UG,Yes
Average,UG,No
Poor,School,Yes
Average,UG,Yes
Good,PG,Yes
Average,School,No
Poor,School,Yes
Good,UG,Yes
Average,PG,Yes
Good,School,No
Poor,PG,No
Good,School,No
Good,PG,Yes
Good,PG,Yes
Poor,PG,No
Average,UG,No
Poor,PG,Yes
Poor,PG,No
Good,PG,Yes
Good,UG,Yes
Good,UG,No
