<?xml version="1.0" encoding="UTF-8"?>
<project-private xmlns="http://www.netbeans.org/ns/project-private/1">
    <editor-bookmarks xmlns="http://www.netbeans.org/ns/editor-bookmarks/2" lastBookmarkId="0"/>
    <open-files xmlns="http://www.netbeans.org/ns/projectui-open-files/2">
        <group>
            <file>file:/C:/Users/Administrator/Documents/NetBeansProjects/JSPSelect/src/java/Model/Users.java</file>
            <file>file:/C:/Users/Administrator/Documents/NetBeansProjects/JSPSelect/web/index.jsp</file>
            <file>file:/C:/Users/Administrator/Documents/NetBeansProjects/JSPSelect/web/view.jsp</file>
            <file>file:/C:/Users/Administrator/Documents/NetBeansProjects/JSPSelect/src/java/Controller/selectController.java</file>
            <file>file:/C:/Users/Administrator/Documents/NetBeansProjects/JSPSelect/src/java/DAO/UserDAO.java</file>
        </group>
    </open-files>
</project-private>
